--
---------------------------------------------------------------------------------------- User_S table Insertion ----------------------------------------------------------------------------------------------------
----------------------------------------------------------------------------------------------------------------------------------------------------------------------------------------------------------------

INSERT INTO User_s (User_Name, Password, Full_Name, Age, Gender, Phone, Points)
VALUES ('john_smith', '12345', 'John Smith', 28, 'Male', '01123456789', 10);

INSERT INTO User_s (User_Name, Password, Full_Name, Age, Gender, Phone, Points)
VALUES ('james_jones', '56789', 'James Jones', 32, 'Male', '01234567890', 15);

INSERT INTO User_s (User_Name, Password, Full_Name, Age, Gender, Phone, Points)
VALUES ('mary_brown', '67890', 'Mary Brown', 30, 'Female', '01098765432', 5);

INSERT INTO User_s (User_Name, Password, Full_Name, Age, Gender, Phone, Points)
VALUES ('linda_taylor', '23456', 'Linda Taylor', 26, 'Female', '01134567891', 20);

INSERT INTO User_s (User_Name, Password, Full_Name, Age, Gender, Phone, Points)
VALUES ('robert_wilson', '34567', 'Robert Wilson', 40, 'Male', '01245678901', 12);

INSERT INTO User_s (User_Name, Password, Full_Name, Age, Gender, Phone, Points)
VALUES ('patricia_moore', '45678', 'Patricia Moore', 34, 'Female', '01067452389', 18);

INSERT INTO User_s (User_Name, Password, Full_Name, Age, Gender, Phone, Points)
VALUES ('michael_johnson', '56789', 'Michael Johnson', 38, 'Male', '01156789432', 14);

INSERT INTO User_s (User_Name, Password, Full_Name, Age, Gender, Phone, Points)
VALUES ('elizabeth_white', '67890', 'Elizabeth White', 27, 'Female', '01237689012', 8);

INSERT INTO User_s (User_Name, Password, Full_Name, Age, Gender, Phone, Points)
VALUES ('william_martin', '78901', 'William Martin', 35, 'Male', '01022334456', 22);

INSERT INTO User_s (User_Name, Password, Full_Name, Age, Gender, Phone, Points)
VALUES ('joseph_clark', '89012', 'Joseph Clark', 31, 'Male', '01123456789', 6);

INSERT INTO User_s (User_Name, Password, Full_Name, Age, Gender, Phone, Points)
VALUES ('barbara_harris', '90123', 'Barbara Harris', 45, 'Female', '01278901234', 30);

INSERT INTO User_s (User_Name, Password, Full_Name, Age, Gender, Phone, Points)
VALUES ('nancy_davis', '01234', 'Nancy Davis', 29, 'Female', '01067584321', 9);

INSERT INTO User_s (User_Name, Password, Full_Name, Age, Gender, Phone, Points)
VALUES ('charles_evans', '12345', 'Charles Evans', 33, 'Male', '01196543123', 17);

INSERT INTO User_s (User_Name, Password, Full_Name, Age, Gender, Phone, Points)
VALUES ('susan_adams', '23456', 'Susan Adams', 28, 'Female', '01245566788', 11);

INSERT INTO User_s (User_Name, Password, Full_Name, Age, Gender, Phone, Points)
VALUES ('joseph_roberts', '34567', 'Joseph Roberts', 39, 'Male', '01025467892', 13);

INSERT INTO User_s (User_Name, Password, Full_Name, Age, Gender, Phone, Points)
VALUES ('deborah_thompson', '45678', 'Deborah Thompson', 32, 'Female', '01123487890', 7);

INSERT INTO User_s (User_Name, Password, Full_Name, Age, Gender, Phone, Points)
VALUES ('anthony_jackson', '56789', 'Anthony Jackson', 41, 'Male', '01235478901', 19);

INSERT INTO User_s (User_Name, Password, Full_Name, Age, Gender, Phone, Points)
VALUES ('katherine_williams', '67890', 'Katherine Williams', 29, 'Female', '01045782367', 16);

INSERT INTO User_s (User_Name, Password, Full_Name, Age, Gender, Phone, Points)
VALUES ('elizabeth_brown', '78901', 'Elizabeth Brown', 37, 'Female', '01137895423', 25);

INSERT INTO User_s (User_Name, Password, Full_Name, Age, Gender, Phone, Points)
VALUES ('richard_james', '89012', 'Richard James', 26, 'Male', '01223456789', 10);

---------------------------------------------------------------------------------------- PRODUCTS table Insertion -----------------------------------------------------------------------------------------
----------------------------------------------------------------------------------------------------------------------------------------------------------------------------------------------------------------
INSERT INTO PRODUCTS (NAME, PRICE) VALUES ('Apple AirPods Pro (Wireless Earbuds)', 249);
INSERT INTO PRODUCTS (NAME, PRICE) VALUES ('Samsung Galaxy Watch 6 (Smartwatch)', 299);
INSERT INTO PRODUCTS (NAME, PRICE) VALUES ('JBL Flip 6 (Portable Bluetooth Speaker)', 129);
INSERT INTO PRODUCTS (NAME, PRICE) VALUES ('Philips XXL Air Fryer', 349);
INSERT INTO PRODUCTS (NAME, PRICE) VALUES ('Roborock S7 MaxV (Robot Vacuum Cleaner)', 799);
INSERT INTO PRODUCTS (NAME, PRICE) VALUES ('Smeg Retro Electric Kettle', 149);
INSERT INTO PRODUCTS (NAME, PRICE) VALUES ('Michael Kors Jet Set Tote Bag', 298);
INSERT INTO PRODUCTS (NAME, PRICE) VALUES ('Fossil Gen 6 Smartwatch', 299);
INSERT INTO PRODUCTS (NAME, PRICE) VALUES ('Ray-Ban Aviator Sunglasses', 161);
INSERT INTO PRODUCTS (NAME, PRICE) VALUES ('Atomic Habits by James Clear (Book)', 14);
INSERT INTO PRODUCTS (NAME, PRICE) VALUES ('Arteza Acrylic Paint Set (24 Colors)', 29);
INSERT INTO PRODUCTS (NAME, PRICE) VALUES ('Catan Board Game', 49);
INSERT INTO PRODUCTS (NAME, PRICE) VALUES ('Chanel Coco Mademoiselle Perfume', 135);
INSERT INTO PRODUCTS (NAME, PRICE) VALUES ('Pandora Moments Bracelet', 65);
INSERT INTO PRODUCTS (NAME, PRICE) VALUES ('La Mer Moisturizing Soft Cream', 190);
INSERT INTO PRODUCTS (NAME, PRICE) VALUES ('PopSocket Phone Grip', 10);
INSERT INTO PRODUCTS (NAME, PRICE) VALUES ('Ember Temperature Control Mug', 99);
INSERT INTO PRODUCTS (NAME, PRICE) VALUES ('Bedsure Sherpa Fleece Blanket', 29);
INSERT INTO PRODUCTS (NAME, PRICE) VALUES ('Nintendo Switch OLED Model', 349);
INSERT INTO PRODUCTS (NAME, PRICE) VALUES ('GoPro HERO11 Black', 399);
INSERT INTO PRODUCTS (NAME, PRICE) VALUES ('Kindle Paperwhite (11th Gen)', 139);
INSERT INTO PRODUCTS (NAME, PRICE) VALUES ('Dyson Supersonic Hair Dryer', 429);
INSERT INTO PRODUCTS (NAME, PRICE) VALUES ('LEGO Creator Expert Assembly Square', 299);
INSERT INTO PRODUCTS (NAME, PRICE) VALUES ('Apple MacBook Air M2', 1199);
INSERT INTO PRODUCTS (NAME, PRICE) VALUES ('Sony WH-1000XM5 Noise Cancelling Headphones', 399);
INSERT INTO PRODUCTS (NAME, PRICE) VALUES ('Instant Pot Duo 7-in-1 Electric Pressure Cooker', 99);
INSERT INTO PRODUCTS (NAME, PRICE) VALUES ('Bose SoundLink Revolve+ II Bluetooth Speaker', 329);
INSERT INTO PRODUCTS (NAME, PRICE) VALUES ('Fitbit Charge 6 Fitness Tracker', 159);
INSERT INTO PRODUCTS (NAME, PRICE) VALUES ('Canon EOS R10 Mirrorless Camera', 979);
INSERT INTO PRODUCTS (NAME, PRICE) VALUES ('Ooni Koda 12 Gas Pizza Oven', 399);

---------------------------------------------------------------------------------------- Friends  table Insertion -----------------------------------------------------------------------------------------
----------------------------------------------------------------------------------------------------------------------------------------------------------------------------------------------------------------
INSERT INTO Friends (User_Name, Friend_Name)
VALUES ('john_smith', 'james_jones');

INSERT INTO Friends (User_Name, Friend_Name)
VALUES ('james_jones', 'john_smith');

INSERT INTO Friends (User_Name, Friend_Name)
VALUES ('mary_brown', 'linda_taylor');

INSERT INTO Friends (User_Name, Friend_Name)
VALUES ('linda_taylor', 'mary_brown');

INSERT INTO Friends (User_Name, Friend_Name)
VALUES ('robert_wilson', 'patricia_moore');

INSERT INTO Friends (User_Name, Friend_Name)
VALUES ('patricia_moore', 'robert_wilson');

INSERT INTO Friends (User_Name, Friend_Name)
VALUES ('michael_johnson', 'elizabeth_white');

INSERT INTO Friends (User_Name, Friend_Name)
VALUES ('elizabeth_white', 'michael_johnson');

INSERT INTO Friends (User_Name, Friend_Name)
VALUES ('william_martin', 'joseph_clark');

INSERT INTO Friends (User_Name, Friend_Name)
VALUES ('joseph_clark', 'william_martin');

INSERT INTO Friends (User_Name, Friend_Name)
VALUES ('barbara_harris', 'nancy_davis');

INSERT INTO Friends (User_Name, Friend_Name)
VALUES ('nancy_davis', 'barbara_harris');

INSERT INTO Friends (User_Name, Friend_Name)
VALUES ('charles_evans', 'susan_adams');

INSERT INTO Friends (User_Name, Friend_Name)
VALUES ('susan_adams', 'charles_evans');

INSERT INTO Friends (User_Name, Friend_Name)
VALUES ('joseph_roberts', 'deborah_thompson');

INSERT INTO Friends (User_Name, Friend_Name)
VALUES ('deborah_thompson', 'joseph_roberts');

INSERT INTO Friends (User_Name, Friend_Name)
VALUES ('anthony_jackson', 'katherine_williams');

INSERT INTO Friends (User_Name, Friend_Name)
VALUES ('katherine_williams', 'anthony_jackson');

INSERT INTO Friends (User_Name, Friend_Name)
VALUES ('elizabeth_brown', 'richard_james');

INSERT INTO Friends (User_Name, Friend_Name)
VALUES ('richard_james', 'elizabeth_brown');

---------------------------------------------------------------------------------------- FriendRequest  table Insertion ------------------------------------------------------------------------------------
----------------------------------------------------------------------------------------------------------------------------------------------------------------------------------------------------------------
INSERT INTO FriendRequest (Sender_Name, Receiver_Name, Request_DateTime)
VALUES ('john_smith', 'james_jones', SYSTIMESTAMP);

INSERT INTO FriendRequest (Sender_Name, Receiver_Name, Request_DateTime)
VALUES ('james_jones', 'mary_brown', SYSTIMESTAMP);

INSERT INTO FriendRequest (Sender_Name, Receiver_Name, Request_DateTime)
VALUES ('mary_brown', 'linda_taylor', SYSTIMESTAMP);

INSERT INTO FriendRequest (Sender_Name, Receiver_Name, Request_DateTime)
VALUES ('linda_taylor', 'robert_wilson', SYSTIMESTAMP);

INSERT INTO FriendRequest (Sender_Name, Receiver_Name, Request_DateTime)
VALUES ('robert_wilson', 'patricia_moore', SYSTIMESTAMP);

INSERT INTO FriendRequest (Sender_Name, Receiver_Name, Request_DateTime)
VALUES ('patricia_moore', 'michael_johnson', SYSTIMESTAMP);

INSERT INTO FriendRequest (Sender_Name, Receiver_Name, Request_DateTime)
VALUES ('michael_johnson', 'elizabeth_white', SYSTIMESTAMP);

INSERT INTO FriendRequest (Sender_Name, Receiver_Name, Request_DateTime)
VALUES ('elizabeth_white', 'william_martin', SYSTIMESTAMP);

INSERT INTO FriendRequest (Sender_Name, Receiver_Name, Request_DateTime)
VALUES ('william_martin', 'joseph_clark', SYSTIMESTAMP);

INSERT INTO FriendRequest (Sender_Name, Receiver_Name, Request_DateTime)
VALUES ('joseph_clark', 'barbara_harris', SYSTIMESTAMP);

INSERT INTO FriendRequest (Sender_Name, Receiver_Name, Request_DateTime)
VALUES ('barbara_harris', 'nancy_davis', SYSTIMESTAMP);

INSERT INTO FriendRequest (Sender_Name, Receiver_Name, Request_DateTime)
VALUES ('nancy_davis', 'charles_evans', SYSTIMESTAMP);

INSERT INTO FriendRequest (Sender_Name, Receiver_Name, Request_DateTime)
VALUES ('charles_evans', 'susan_adams', SYSTIMESTAMP);

INSERT INTO FriendRequest (Sender_Name, Receiver_Name, Request_DateTime)
VALUES ('susan_adams', 'joseph_roberts', SYSTIMESTAMP);

INSERT INTO FriendRequest (Sender_Name, Receiver_Name, Request_DateTime)
VALUES ('joseph_roberts', 'deborah_thompson', SYSTIMESTAMP);

INSERT INTO FriendRequest (Sender_Name, Receiver_Name, Request_DateTime)
VALUES ('deborah_thompson', 'anthony_jackson', SYSTIMESTAMP);

INSERT INTO FriendRequest (Sender_Name, Receiver_Name, Request_DateTime)
VALUES ('anthony_jackson', 'katherine_williams', SYSTIMESTAMP);

INSERT INTO FriendRequest (Sender_Name, Receiver_Name, Request_DateTime)
VALUES ('katherine_williams', 'elizabeth_brown', SYSTIMESTAMP);

INSERT INTO FriendRequest (Sender_Name, Receiver_Name, Request_DateTime)
VALUES ('elizabeth_brown', 'richard_james', SYSTIMESTAMP);

INSERT INTO FriendRequest (Sender_Name, Receiver_Name, Request_DateTime)
VALUES ('richard_james', 'john_smith', SYSTIMESTAMP);

---------------------------------------------------------------------------------------- Wish  table Insertion ------------------------------------------------------------------------------------
------------------------------------------------------------------------------------------------------------------------------------------------------------------------------------------------------
INSERT INTO Wish (Wish_ID, Owner_Name, Product_ID, Wish_DateTime)
VALUES (1, 'john_smith', 1, SYSTIMESTAMP);

INSERT INTO Wish (Wish_ID, Owner_Name, Product_ID, Wish_DateTime)
VALUES (2, 'james_jones', 2, SYSTIMESTAMP);

INSERT INTO Wish (Wish_ID, Owner_Name, Product_ID, Wish_DateTime)
VALUES (3, 'mary_brown', 3, SYSTIMESTAMP);

INSERT INTO Wish (Wish_ID, Owner_Name, Product_ID, Wish_DateTime)
VALUES (4, 'linda_taylor', 4, SYSTIMESTAMP);

INSERT INTO Wish (Wish_ID, Owner_Name, Product_ID, Wish_DateTime)
VALUES (5, 'robert_wilson', 5, SYSTIMESTAMP);

INSERT INTO Wish (Wish_ID, Owner_Name, Product_ID, Wish_DateTime)
VALUES (6, 'patricia_moore', 6, SYSTIMESTAMP);

INSERT INTO Wish (Wish_ID, Owner_Name, Product_ID, Wish_DateTime)
VALUES (7, 'michael_johnson', 7, SYSTIMESTAMP);

INSERT INTO Wish (Wish_ID, Owner_Name, Product_ID, Wish_DateTime)
VALUES (8, 'elizabeth_white', 8, SYSTIMESTAMP);

INSERT INTO Wish (Wish_ID, Owner_Name, Product_ID, Wish_DateTime)
VALUES (9, 'william_martin', 9, SYSTIMESTAMP);

INSERT INTO Wish (Wish_ID, Owner_Name, Product_ID, Wish_DateTime)
VALUES (10, 'joseph_clark', 10, SYSTIMESTAMP);

INSERT INTO Wish (Wish_ID, Owner_Name, Product_ID, Wish_DateTime)
VALUES (11, 'barbara_harris', 11, SYSTIMESTAMP);

INSERT INTO Wish (Wish_ID, Owner_Name, Product_ID, Wish_DateTime)
VALUES (12, 'nancy_davis', 12, SYSTIMESTAMP);

INSERT INTO Wish (Wish_ID, Owner_Name, Product_ID, Wish_DateTime)
VALUES (13, 'charles_evans', 13, SYSTIMESTAMP);

INSERT INTO Wish (Wish_ID, Owner_Name, Product_ID, Wish_DateTime)
VALUES (14, 'susan_adams', 14, SYSTIMESTAMP);

INSERT INTO Wish (Wish_ID, Owner_Name, Product_ID, Wish_DateTime)
VALUES (15, 'joseph_roberts', 15, SYSTIMESTAMP);

INSERT INTO Wish (Wish_ID, Owner_Name, Product_ID, Wish_DateTime)
VALUES (16, 'deborah_thompson', 16, SYSTIMESTAMP);

INSERT INTO Wish (Wish_ID, Owner_Name, Product_ID, Wish_DateTime)
VALUES (17, 'anthony_jackson', 17, SYSTIMESTAMP);

INSERT INTO Wish (Wish_ID, Owner_Name, Product_ID, Wish_DateTime)
VALUES (18, 'katherine_williams', 18, SYSTIMESTAMP);

INSERT INTO Wish (Wish_ID, Owner_Name, Product_ID, Wish_DateTime)
VALUES (19, 'elizabeth_brown', 19, SYSTIMESTAMP);

INSERT INTO Wish (Wish_ID, Owner_Name, Product_ID, Wish_DateTime)
VALUES (20, 'richard_james', 20, SYSTIMESTAMP);

---------------------------------------------------------------------------------------- Contribution  table Insertion ----------------------------------------------------------------------------
------------------------------------------------------------------------------------------------------------------------------------------------------------------------------------------------------
INSERT INTO Contribution (Contribution_ID, Wish_ID, Contributor_Name, Contribution_DateTime, Amount)
VALUES (1, 1, 'james_jones', SYSTIMESTAMP, 50);

INSERT INTO Contribution (Contribution_ID, Wish_ID, Contributor_Name, Contribution_DateTime, Amount)
VALUES (2, 2, 'mary_brown', SYSTIMESTAMP, 100);

INSERT INTO Contribution (Contribution_ID, Wish_ID, Contributor_Name, Contribution_DateTime, Amount)
VALUES (3, 3, 'linda_taylor', SYSTIMESTAMP, 30);

INSERT INTO Contribution (Contribution_ID, Wish_ID, Contributor_Name, Contribution_DateTime, Amount)
VALUES (4, 4, 'robert_wilson', SYSTIMESTAMP, 60);

INSERT INTO Contribution (Contribution_ID, Wish_ID, Contributor_Name, Contribution_DateTime, Amount)
VALUES (5, 5, 'patricia_moore', SYSTIMESTAMP, 120);

INSERT INTO Contribution (Contribution_ID, Wish_ID, Contributor_Name, Contribution_DateTime, Amount)
VALUES (6, 6, 'michael_johnson', SYSTIMESTAMP, 200);

INSERT INTO Contribution (Contribution_ID, Wish_ID, Contributor_Name, Contribution_DateTime, Amount)
VALUES (7, 7, 'elizabeth_white', SYSTIMESTAMP, 150);

INSERT INTO Contribution (Contribution_ID, Wish_ID, Contributor_Name, Contribution_DateTime, Amount)
VALUES (8, 8, 'william_martin', SYSTIMESTAMP, 80);

INSERT INTO Contribution (Contribution_ID, Wish_ID, Contributor_Name, Contribution_DateTime, Amount)
VALUES (9, 9, 'joseph_clark', SYSTIMESTAMP, 40);

INSERT INTO Contribution (Contribution_ID, Wish_ID, Contributor_Name, Contribution_DateTime, Amount)
VALUES (10, 10, 'barbara_harris', SYSTIMESTAMP, 25);

INSERT INTO Contribution (Contribution_ID, Wish_ID, Contributor_Name, Contribution_DateTime, Amount)
VALUES (11, 11, 'nancy_davis', SYSTIMESTAMP, 70);

INSERT INTO Contribution (Contribution_ID, Wish_ID, Contributor_Name, Contribution_DateTime, Amount)
VALUES (12, 12, 'charles_evans', SYSTIMESTAMP, 110);

INSERT INTO Contribution (Contribution_ID, Wish_ID, Contributor_Name, Contribution_DateTime, Amount)
VALUES (13, 13, 'susan_adams', SYSTIMESTAMP, 90);

INSERT INTO Contribution (Contribution_ID, Wish_ID, Contributor_Name, Contribution_DateTime, Amount)
VALUES (14, 14, 'joseph_roberts', SYSTIMESTAMP, 60);

INSERT INTO Contribution (Contribution_ID, Wish_ID, Contributor_Name, Contribution_DateTime, Amount)
VALUES (15, 15, 'deborah_thompson', SYSTIMESTAMP, 150);

INSERT INTO Contribution (Contribution_ID, Wish_ID, Contributor_Name, Contribution_DateTime, Amount)
VALUES (16, 16, 'anthony_jackson', SYSTIMESTAMP, 120);

INSERT INTO Contribution (Contribution_ID, Wish_ID, Contributor_Name, Contribution_DateTime, Amount)
VALUES (17, 17, 'katherine_williams', SYSTIMESTAMP, 200);

INSERT INTO Contribution (Contribution_ID, Wish_ID, Contributor_Name, Contribution_DateTime, Amount)
VALUES (18, 18, 'elizabeth_brown', SYSTIMESTAMP, 250);

INSERT INTO Contribution (Contribution_ID, Wish_ID, Contributor_Name, Contribution_DateTime, Amount)
VALUES (19, 19, 'richard_james', SYSTIMESTAMP, 90);

INSERT INTO Contribution (Contribution_ID, Wish_ID, Contributor_Name, Contribution_DateTime, Amount)
VALUES (20, 20, 'john_smith', SYSTIMESTAMP, 75);

---------------------------------------------------------------------------------------- Notification  table Insertion ----------------------------------------------------------------------------
------------------------------------------------------------------------------------------------------------------------------------------------------------------------------------------------------
INSERT INTO Notification (Notification_ID, Context, Receiver_Name)
VALUES (1, 'You have a new friend request from james_jones.', 'john_smith');

INSERT INTO Notification (Notification_ID, Context, Receiver_Name)
VALUES (2, 'Your friend request to mary_brown has been accepted.', 'james_jones');

INSERT INTO Notification (Notification_ID, Context, Receiver_Name)
VALUES (3, 'You have a new friend request from linda_taylor.', 'mary_brown');

INSERT INTO Notification (Notification_ID, Context, Receiver_Name)
VALUES (4, 'Your wish for Apple AirPods Pro (Wireless Earbuds) has been added to the wishlist.', 'linda_taylor');

INSERT INTO Notification (Notification_ID, Context, Receiver_Name)
VALUES (5, 'You received a contribution of $50 for your wish (Apple AirPods Pro).', 'robert_wilson');

INSERT INTO Notification (Notification_ID, Context, Receiver_Name)
VALUES (6, 'Your wish for Samsung Galaxy Watch 6 (Smartwatch) has been added to the wishlist.', 'patricia_moore');

INSERT INTO Notification (Notification_ID, Context, Receiver_Name)
VALUES (7, 'Your friend request to michael_johnson has been accepted.', 'michael_johnson');

INSERT INTO Notification (Notification_ID, Context, Receiver_Name)
VALUES (8, 'You have a new friend request from elizabeth_white.', 'william_martin');

INSERT INTO Notification (Notification_ID, Context, Receiver_Name)
VALUES (9, 'You received a contribution of $80 for your wish (JBL Flip 6).', 'joseph_clark');

INSERT INTO Notification (Notification_ID, Context, Receiver_Name)
VALUES (10, 'Your wish for Philips XXL Air Fryer has been added to the wishlist.', 'barbara_harris');

INSERT INTO Notification (Notification_ID, Context, Receiver_Name)
VALUES (11, 'You have a new friend request from nancy_davis.', 'charles_evans');

INSERT INTO Notification (Notification_ID, Context, Receiver_Name)
VALUES (12, 'Your wish for Roborock S7 MaxV (Robot Vacuum Cleaner) has been added to the wishlist.', 'susan_adams');

INSERT INTO Notification (Notification_ID, Context, Receiver_Name)
VALUES (13, 'You received a contribution of $110 for your wish (Philips XXL Air Fryer).', 'joseph_roberts');

INSERT INTO Notification (Notification_ID, Context, Receiver_Name)
VALUES (14, 'You have a new friend request from deborah_thompson.', 'charles_evans');

INSERT INTO Notification (Notification_ID, Context, Receiver_Name)
VALUES (15, 'Your wish for Michael Kors Jet Set Tote Bag has been added to the wishlist.', 'deborah_thompson');

INSERT INTO Notification (Notification_ID, Context, Receiver_Name)
VALUES (16, 'You received a contribution of $120 for your wish (Roborock S7 MaxV).', 'anthony_jackson');

INSERT INTO Notification (Notification_ID, Context, Receiver_Name)
VALUES (17, 'You have a new friend request from katherine_williams.', 'susan_adams');

INSERT INTO Notification (Notification_ID, Context, Receiver_Name)
VALUES (18, 'Your wish for Fossil Gen 6 Smartwatch has been added to the wishlist.', 'joseph_roberts');

INSERT INTO Notification (Notification_ID, Context, Receiver_Name)
VALUES (19, 'You received a contribution of $200 for your wish (JBL Flip 6).', 'richard_james');

INSERT INTO Notification (Notification_ID, Context, Receiver_Name)
VALUES (20, 'You have a new friend request from elizabeth_brown.', 'john_smith');

INSERT INTO Notification (Notification_ID, Context, Receiver_Name)
VALUES (21, 'Your friend request to williams_martin has been accepted.', 'nancy_davis');

INSERT INTO Notification (Notification_ID, Context, Receiver_Name)
VALUES (22, 'You received a contribution of $60 for your wish (Samsung Galaxy Watch 6).', 'elizabeth_white');

INSERT INTO Notification (Notification_ID, Context, Receiver_Name)
VALUES (23, 'You have a new friend request from robert_wilson.', 'barbara_harris');

INSERT INTO Notification (Notification_ID, Context, Receiver_Name)
VALUES (24, 'Your wish for JBL Flip 6 (Portable Bluetooth Speaker) has been added to the wishlist.', 'katherine_williams');

INSERT INTO Notification (Notification_ID, Context, Receiver_Name)
VALUES (25, 'You received a contribution of $90 for your wish (JBL Flip 6).', 'richard_james');

INSERT INTO Notification (Notification_ID, Context, Receiver_Name)
VALUES (26, 'You have a new friend request from anthony_jackson.', 'michael_johnson');

INSERT INTO Notification (Notification_ID, Context, Receiver_Name)
VALUES (27, 'You have a new friend request from joseph_roberts.', 'nancy_davis');

INSERT INTO Notification (Notification_ID, Context, Receiver_Name)
VALUES (28, 'Your wish for Chanel Coco Mademoiselle Perfume has been added to the wishlist.', 'elizabeth_white');

INSERT INTO Notification (Notification_ID, Context, Receiver_Name)
VALUES (29, 'You received a contribution of $70 for your wish (Michael Kors Jet Set Tote Bag).', 'charles_evans');

INSERT INTO Notification (Notification_ID, Context, Receiver_Name)
VALUES (30, 'You have a new friend request from susan_adams.', 'joseph_roberts');
------------------------------------------------------------------------------------------------------------------------------------------------------------------------------------------------------
------------------------------------------------------------------------------------------------------------------------------------------------------------------------------------------------------
